{
  "accel_bias": [
    -585.5484375,
    1058.5446875,
    342.87874999999985
  ],
  "gyro_bias": [
    432.6771875,
    -560.1590625,
    -428.2740625
  ]
}